diff --git a/etf-monitor/app/api/ai/chat/route.ts b/etf-monitor/app/api/ai/chat/route.ts
index b11acda..538645e 100644
--- a/etf-monitor/app/api/ai/chat/route.ts
+++ b/etf-monitor/app/api/ai/chat/route.ts
@@ -1,12 +1,50 @@
-import { AIService, MockAIProvider } from '@/lib/ai';
-import type { AIRequest } from '@/lib/types';
+import { ConfigurationAssistantService } from '@/lib/ai';
+import { AIProvider, type AIRequest } from '@/lib/types';
 import { NextResponse } from 'next/server';
 
+function isRecord(value: unknown): value is Record<string, unknown> {
+  return typeof value === 'object' && value !== null;
+}
+
 export async function POST(request: Request) {
-  const provider = new MockAIProvider();
-  const service = new AIService(provider);
-  const aiRequest = (await request.json()) as AIRequest;
-  const aiResponse = await service.chat(aiRequest);
+  let body: unknown;
+  try {
+    body = await request.json();
+  } catch {
+    return NextResponse.json(
+      { success: false, error: 'Invalid request body' },
+      { status: 400 },
+    );
+  }
+
+  if (!isRecord(body) || typeof body.prompt !== 'string') {
+    return NextResponse.json(
+      { success: false, error: 'Prompt is required' },
+      { status: 400 },
+    );
+  }
+
+  const aiRequest: AIRequest = {
+    prompt: body.prompt,
+    provider: undefined,
+    confirm: body.confirm === true,
+    confirmationToken:
+      typeof body.confirmationToken === 'string' ? body.confirmationToken : undefined,
+  };
 
-  return NextResponse.json(aiResponse, { status: 200 });
+  try {
+    const service = new ConfigurationAssistantService();
+    const aiResponse = await service.chat(aiRequest);
+    return NextResponse.json(aiResponse, { status: 200 });
+  } catch (error: unknown) {
+    const message = error instanceof Error ? error.message : 'Unknown error';
+    return NextResponse.json(
+      {
+        provider: AIProvider.MOCK,
+        success: false,
+        message: `Configuration request failed: ${message}`,
+      },
+      { status: 200 },
+    );
+  }
 }
diff --git a/etf-monitor/app/api/config/etfs/route.ts b/etf-monitor/app/api/config/etfs/route.ts
index 1edc8f2..87f1595 100644
--- a/etf-monitor/app/api/config/etfs/route.ts
+++ b/etf-monitor/app/api/config/etfs/route.ts
@@ -1,6 +1,18 @@
 import { ConfigService } from '@/lib/config/service';
 import { NextResponse } from 'next/server';
 
+function isRecord(value: unknown): value is Record<string, unknown> {
+  return typeof value === 'object' && value !== null;
+}
+
+function normalizeSymbol(value: string): string {
+  return value.trim().toUpperCase();
+}
+
+function isValidSymbol(value: string): boolean {
+  return /^[A-Z0-9]{2,20}$/.test(value);
+}
+
 export async function GET() {
   const configService = new ConfigService();
   const monitoredEtfs = await configService.getAllMonitoredEtfs();
@@ -9,13 +21,36 @@ export async function GET() {
 }
 
 export async function POST(request: Request) {
-  const body = (await request.json()) as { symbol: string; enabled: boolean };
-  const configService = new ConfigService();
+  let body: unknown;
+  try {
+    body = await request.json();
+  } catch {
+    return NextResponse.json({ success: false, error: 'Invalid request body' }, { status: 400 });
+  }
+
+  if (!isRecord(body) || typeof body.symbol !== 'string' || typeof body.enabled !== 'boolean') {
+    return NextResponse.json({ success: false, error: 'Invalid ETF update' }, { status: 400 });
+  }
+
+  const symbol = normalizeSymbol(body.symbol);
+  if (!isValidSymbol(symbol)) {
+    return NextResponse.json({ success: false, error: 'Invalid ETF symbol' }, { status: 400 });
+  }
+
+  try {
+    const configService = new ConfigService();
+    const monitoredEtf = await configService.getMonitoredEtf(symbol);
+    if (!monitoredEtf) {
+      return NextResponse.json({ success: false, error: 'Unknown ETF symbol' }, { status: 400 });
+    }
 
-  if (body.enabled) {
-    await configService.enableEtf(body.symbol);
-  } else {
-    await configService.disableEtf(body.symbol);
+    if (body.enabled) {
+      await configService.enableEtf(symbol);
+    } else {
+      await configService.disableEtf(symbol);
+    }
+  } catch {
+    return NextResponse.json({ success: false, error: 'Failed to update ETF settings' }, { status: 500 });
   }
 
   return NextResponse.json({ success: true }, { status: 200 });
diff --git a/etf-monitor/app/api/config/fields/route.ts b/etf-monitor/app/api/config/fields/route.ts
index 518d09b..e9d0d15 100644
--- a/etf-monitor/app/api/config/fields/route.ts
+++ b/etf-monitor/app/api/config/fields/route.ts
@@ -1,15 +1,10 @@
 import { ConfigService, type DashboardMetric } from '@/lib/config/service';
-import { SUPPORTED_METRIC_KEYS } from '@/lib/types';
 import { NextResponse } from 'next/server';
 
 function isRecord(value: unknown): value is Record<string, unknown> {
   return typeof value === 'object' && value !== null;
 }
 
-function isDashboardMetric(value: unknown): value is DashboardMetric {
-  return typeof value === 'string' && SUPPORTED_METRIC_KEYS.includes(value as DashboardMetric);
-}
-
 export async function GET() {
   try {
     const configService = new ConfigService();
@@ -25,10 +20,11 @@ export async function GET() {
     );
   } catch (error: unknown) {
     const message = error instanceof Error ? error.message : 'Unknown error';
+    console.error(`Failed to load field settings: ${message}`);
     return NextResponse.json(
       {
         success: false,
-        error: `Failed to load field settings: ${message}`,
+        error: 'Failed to load field settings',
       },
       { status: 500 },
     );
@@ -55,6 +51,10 @@ export async function POST(request: Request) {
       if (typeof body.fieldName !== 'string' || typeof body.enabled !== 'boolean') {
         return NextResponse.json({ success: false, error: 'Invalid field update' }, { status: 400 });
       }
+      const monitoredField = await configService.getMonitoredField(body.fieldName);
+      if (!monitoredField) {
+        return NextResponse.json({ success: false, error: 'Unknown field' }, { status: 400 });
+      }
 
       if (body.enabled) {
         await configService.enableField(body.fieldName);
@@ -65,14 +65,22 @@ export async function POST(request: Request) {
     }
 
     if (body.dashboardMetric !== undefined) {
-      if (!isDashboardMetric(body.dashboardMetric)) {
+      if (typeof body.dashboardMetric !== 'string') {
+        return NextResponse.json(
+          { success: false, error: 'Invalid dashboard metric' },
+          { status: 400 },
+        );
+      }
+
+      const monitoredField = await configService.getMonitoredField(body.dashboardMetric);
+      if (!monitoredField || !monitoredField.enabled) {
         return NextResponse.json(
           { success: false, error: 'Invalid dashboard metric' },
           { status: 400 },
         );
       }
 
-      await configService.saveDashboardMetric(body.dashboardMetric);
+      await configService.saveDashboardMetric(body.dashboardMetric as DashboardMetric);
       hasUpdate = true;
     }
 
@@ -86,10 +94,11 @@ export async function POST(request: Request) {
     return NextResponse.json({ success: true }, { status: 200 });
   } catch (error: unknown) {
     const message = error instanceof Error ? error.message : 'Unknown error';
+    console.error(`Failed to save field settings: ${message}`);
     return NextResponse.json(
       {
         success: false,
-        error: `Failed to save field settings: ${message}`,
+        error: 'Failed to save field settings',
       },
       { status: 500 },
     );
diff --git a/etf-monitor/app/api/etf/[symbol]/route.ts b/etf-monitor/app/api/etf/[symbol]/route.ts
index 50e9a71..b6590c2 100644
--- a/etf-monitor/app/api/etf/[symbol]/route.ts
+++ b/etf-monitor/app/api/etf/[symbol]/route.ts
@@ -1,46 +1,145 @@
 import { BVBService } from '@/lib/bvb';
-import { PDFService } from '@/lib/pdf';
+import { ConfigService } from '@/lib/config/service';
+import { DatabaseService, type EtfHistorySnapshotRow } from '@/lib/db/service';
 import { NextResponse } from 'next/server';
 
+function normalizeSymbol(value: string): string {
+  return value.trim().toUpperCase();
+}
+
+function isValidSymbol(value: string): boolean {
+  return /^[A-Z0-9]{2,20}$/.test(value);
+}
+
+function calculateDelta(current: number | null, previous: number | null): number | null {
+  if (current === null || previous === null) {
+    return null;
+  }
+
+  return current - previous;
+}
+
+function calculateDeltaPercent(current: number | null, previous: number | null): number | null {
+  if (current === null || previous === null || previous === 0) {
+    return null;
+  }
+
+  return ((current - previous) / previous) * 100;
+}
+
+function toMetricCards(
+  history: EtfHistorySnapshotRow[],
+  fields: Awaited<ReturnType<ConfigService['getEnabledMonitoredFields']>>,
+): Array<{
+  fieldName: string;
+  displayName: string;
+  currentValue: number | null;
+  previousValue: number | null;
+  delta: number | null;
+  deltaPercent: number | null;
+}> {
+  const latest = history[0];
+  const previous = history[1];
+
+  return fields.map((field) => {
+    const currentValue = latest?.metrics[field.fieldName] ?? null;
+    const previousValue = previous?.metrics[field.fieldName] ?? null;
+    return {
+      fieldName: field.fieldName,
+      displayName: field.displayName,
+      currentValue,
+      previousValue,
+      delta: calculateDelta(currentValue, previousValue),
+      deltaPercent: calculateDeltaPercent(currentValue, previousValue),
+    };
+  });
+}
+
+function toChartSeries(
+  history: EtfHistorySnapshotRow[],
+  fields: Awaited<ReturnType<ConfigService['getEnabledMonitoredFields']>>,
+): Array<{
+  fieldName: string;
+  displayName: string;
+  points: Array<{ reportDate: string; value: number | null }>;
+}> {
+  const chronologicalHistory = [...history].reverse();
+  return fields.map((field) => ({
+    fieldName: field.fieldName,
+    displayName: field.displayName,
+    points: chronologicalHistory.map((row) => ({
+      reportDate: row.report_date,
+      value: row.metrics[field.fieldName] ?? null,
+    })),
+  }));
+}
+
 export async function GET(
   _request: Request,
   { params }: { params: Promise<{ symbol: string }> },
 ) {
   const { symbol } = await params;
-  const bvbService = new BVBService();
-  const pdfService = new PDFService();
+  const normalizedSymbol = normalizeSymbol(symbol);
 
-  const report = await bvbService.getLatestReport(symbol);
-  if (!report) {
-    return NextResponse.json({ error: 'Latest report not found' }, { status: 404 });
+  if (!isValidSymbol(normalizedSymbol)) {
+    return NextResponse.json({ success: false, error: 'Invalid ETF symbol' }, { status: 400 });
   }
 
-  const reportBuffer = await bvbService.downloadReport(report);
-  const parsedText = await pdfService.parse(reportBuffer);
-  const unitsInCirculation = pdfService.extractUnitsInCirculation(parsedText);
-  let vuan: number | null;
   try {
-    vuan = pdfService.extractVUAN(parsedText);
-  } catch {
-    vuan = null;
-  }
+    const configService = new ConfigService();
+    const databaseService = new DatabaseService();
+    const bvbService = new BVBService();
 
-  let netAssets: number | null;
-  try {
-    netAssets = pdfService.extractNetAssets(parsedText);
+    const [monitoredEtf, history, enabledFields] = await Promise.all([
+      configService.getMonitoredEtf(normalizedSymbol),
+      databaseService.getHistoryBySymbol(normalizedSymbol, 180),
+      configService.getEnabledMonitoredFields(),
+    ]);
+
+    if (!monitoredEtf && history.length === 0) {
+      return NextResponse.json({ success: false, error: 'ETF not found' }, { status: 404 });
+    }
+
+    let identityName = monitoredEtf?.name ?? null;
+    let identityIsin = monitoredEtf?.isin ?? null;
+    if (!identityName || !identityIsin) {
+      const etfs = await bvbService.getEtfs();
+      const matched = etfs.find((etf) => etf.symbol === normalizedSymbol);
+      if (matched) {
+        identityName = matched.name;
+        identityIsin = matched.isin;
+      }
+    }
+
+    const latestReport = history[0]
+      ? {
+          reportDate: history[0].report_date,
+          reportUrl: history[0].report_url,
+        }
+      : null;
+    const previousReport = history[1]
+      ? {
+          reportDate: history[1].report_date,
+          reportUrl: history[1].report_url,
+        }
+      : null;
+
+    const metrics = toMetricCards(history, enabledFields);
+    const charts = toChartSeries(history, enabledFields);
+
+    return NextResponse.json(
+      {
+        symbol: normalizedSymbol,
+        name: identityName,
+        isin: identityIsin,
+        latestReport,
+        previousReport,
+        metrics,
+        charts,
+      },
+      { status: 200 },
+    );
   } catch {
-    netAssets = null;
+    return NextResponse.json({ success: false, error: 'Failed to load ETF details' }, { status: 500 });
   }
-
-  return NextResponse.json(
-    {
-      symbol,
-      reportDate: report.reportDate,
-      unitsInCirculation,
-      vuan,
-      netAssets,
-      reportUrl: report.reportUrl,
-    },
-    { status: 200 },
-  );
 }
diff --git a/etf-monitor/app/api/etf/route.ts b/etf-monitor/app/api/etf/route.ts
index 16ba56d..4cab9af 100644
--- a/etf-monitor/app/api/etf/route.ts
+++ b/etf-monitor/app/api/etf/route.ts
@@ -3,57 +3,58 @@ import { ConfigService } from '@/lib/config/service';
 import { PDFService } from '@/lib/pdf';
 import { NextResponse } from 'next/server';
 
+function isFiniteMetricValue(value: number): boolean {
+  return Number.isFinite(value) && value > 0;
+}
+
 export async function GET() {
   const bvbService = new BVBService();
   const pdfService = new PDFService();
   const configService = new ConfigService();
-  const monitoredEtfs = await configService.getMonitoredEtfs();
+  const monitoredEtfs = await configService.getEnabledMonitoredEtfs();
+  const enabledFields = await configService.getEnabledMonitoredFields();
 
   const settledResults = await Promise.allSettled(
-    monitoredEtfs.map(async (symbol) => {
-      const report = await bvbService.getLatestReport(symbol);
+    monitoredEtfs.map(async (etf) => {
+      const report = await bvbService.getLatestReport(etf.bvbSymbol);
       if (!report) {
         return null;
       }
 
       const reportBuffer = await bvbService.downloadReport(report);
       const parsedText = await pdfService.parse(reportBuffer);
-      const unitsInCirculation = pdfService.extractUnitsInCirculation(parsedText);
-      let vuan: number | null;
-      try {
-        vuan = pdfService.extractVUAN(parsedText);
-      } catch {
-        vuan = null;
-      }
+      const metrics: Record<string, number | null> = {};
 
-      let netAssets: number | null;
-      try {
-        netAssets = pdfService.extractNetAssets(parsedText);
-      } catch {
-        netAssets = null;
+      for (const field of enabledFields) {
+        try {
+          const value = pdfService.extractMetricValue(parsedText, field);
+          metrics[field.fieldName] = isFiniteMetricValue(value) ? value : null;
+        } catch {
+          metrics[field.fieldName] = null;
+        }
       }
 
       return {
-        symbol,
+        symbol: etf.symbol,
+        bvbSymbol: etf.bvbSymbol,
         reportDate: report.reportDate,
-        unitsInCirculation,
-        vuan,
-        netAssets,
         reportUrl: report.reportUrl,
+        metrics,
       };
     }),
   );
 
   settledResults.forEach((result, index) => {
     if (result.status === 'rejected') {
-      const symbol = monitoredEtfs[index];
+      const etf = monitoredEtfs[index];
       const error =
         result.reason instanceof Error ? result.reason : new Error(String(result.reason));
       console.error(
         'ETF processing failed',
         JSON.stringify(
           {
-            symbol,
+            symbol: etf?.symbol,
+            stage: 'api-etf-list',
             message: error.message,
             stack: error.stack,
           },
diff --git a/etf-monitor/app/api/history/route.ts b/etf-monitor/app/api/history/route.ts
index d5b9c13..de97c78 100644
--- a/etf-monitor/app/api/history/route.ts
+++ b/etf-monitor/app/api/history/route.ts
@@ -6,11 +6,11 @@ export async function GET() {
   try {
     const databaseService = new DatabaseService();
     const configService = new ConfigService();
-    const history = await databaseService.getLatestHistoryWithPrevious();
+    const dashboardMetric = await configService.getDashboardMetric();
+    const history = await databaseService.getLatestHistoryWithPreviousMetric(dashboardMetric);
     const syncOverview = await databaseService.getSyncOverview();
     const schedulerSettings = await configService.getSchedulerSettings();
     const enabledFieldNames = await configService.getEnabledFieldNames();
-    const dashboardMetric = await configService.getDashboardMetric();
     const monitoredEtfs = await configService.getEnabledMonitoredEtfCount();
 
     return NextResponse.json(
@@ -30,10 +30,11 @@ export async function GET() {
     );
   } catch (error: unknown) {
     const message = error instanceof Error ? error.message : 'Unknown error';
+    console.error(`Failed to load history: ${message}`);
     return NextResponse.json(
       {
         success: false,
-        error: `Failed to load history: ${message}`,
+        error: 'Failed to load history',
       },
       { status: 500 },
     );
diff --git a/etf-monitor/app/api/jobs/run/route.ts b/etf-monitor/app/api/jobs/run/route.ts
index 511ba5b..daa3088 100644
--- a/etf-monitor/app/api/jobs/run/route.ts
+++ b/etf-monitor/app/api/jobs/run/route.ts
@@ -2,7 +2,11 @@ import { SchedulerService } from '@/lib/scheduler';
 import { ConfigService } from '@/lib/config/service';
 import { NextResponse } from 'next/server';
 
-function isAuthorizedCronRequest(request: Request): boolean {
+function isRecord(value: unknown): value is Record<string, unknown> {
+  return typeof value === 'object' && value !== null;
+}
+
+function hasValidSecret(request: Request): boolean {
   const cronSecret = process.env.CRON_SECRET;
   if (!cronSecret) {
     return false;
@@ -12,6 +16,35 @@ function isAuthorizedCronRequest(request: Request): boolean {
   return authorization === `Bearer ${cronSecret}`;
 }
 
+function isSameOriginRequest(request: Request): boolean {
+  const origin = request.headers.get('origin');
+  const host = request.headers.get('host');
+  if (!origin || !host) {
+    return false;
+  }
+
+  try {
+    const originHost = new URL(origin).host;
+    return originHost === host;
+  } catch {
+    return false;
+  }
+}
+
+function isAuthorizedCronRequest(request: Request): boolean {
+  return hasValidSecret(request);
+}
+
+function isAuthorizedManualRunRequest(request: Request): boolean {
+  if (hasValidSecret(request)) {
+    return true;
+  }
+
+  return (
+    request.headers.get('x-etf-monitor-action') === 'run-sync' && isSameOriginRequest(request)
+  );
+}
+
 export async function GET(request: Request) {
   if (!isAuthorizedCronRequest(request)) {
     return NextResponse.json({ success: false, error: 'Unauthorized' }, { status: 401 });
@@ -29,8 +62,22 @@ export async function GET(request: Request) {
 }
 
 export async function POST(request: Request) {
+  if (!isAuthorizedManualRunRequest(request)) {
+    return NextResponse.json({ success: false, error: 'Unauthorized' }, { status: 401 });
+  }
+
+  let body: unknown;
+  try {
+    body = await request.json();
+  } catch {
+    return NextResponse.json({ success: false, error: 'Invalid request body' }, { status: 400 });
+  }
+
+  if (!isRecord(body) || typeof body.jobId !== 'string' || body.jobId.trim().length === 0) {
+    return NextResponse.json({ success: false, error: 'Invalid job id' }, { status: 400 });
+  }
+
   try {
-    const body = (await request.json()) as { jobId: string };
     const scheduler = new SchedulerService();
     await scheduler.runJob(body.jobId);
 
diff --git a/etf-monitor/app/page.tsx b/etf-monitor/app/page.tsx
index 6982d67..f38f3a6 100644
--- a/etf-monitor/app/page.tsx
+++ b/etf-monitor/app/page.tsx
@@ -3,19 +3,14 @@
 import Link from 'next/link';
 import { usePathname } from 'next/navigation';
 import { useCallback, useEffect, useState } from 'react';
-import { SUPPORTED_METRIC_KEYS, type MetricKey } from '@/lib/types';
 
 type EtfRow = {
-  id: number;
+  id: number | null;
   symbol: string;
-  report_date: string;
-  units_in_circulation: number | null;
-  previous_units_in_circulation: number | null;
-  vuan: number | null;
-  previous_vuan: number | null;
-  net_assets: number | null;
-  previous_net_assets: number | null;
+  report_date: string | null;
   report_url: string | null;
+  current_value: number | null;
+  previous_value: number | null;
 };
 
 type SchedulerSettings = {
@@ -31,10 +26,10 @@ type SyncInfo = {
   durationSeconds: number | null;
 };
 
-type DashboardMetric = MetricKey;
+type DashboardMetric = string;
 
 type MonitoredField = {
-  fieldName: DashboardMetric;
+  fieldName: string;
   displayName: string;
 };
 
@@ -51,16 +46,10 @@ type FieldsPayload = {
   fields: MonitoredField[];
 };
 
-const DASHBOARD_METRIC_SET = new Set<string>(SUPPORTED_METRIC_KEYS);
-
 function isRecord(value: unknown): value is Record<string, unknown> {
   return typeof value === 'object' && value !== null;
 }
 
-function isDashboardMetric(value: unknown): value is DashboardMetric {
-  return typeof value === 'string' && DASHBOARD_METRIC_SET.has(value);
-}
-
 function toNullableNumber(value: unknown): number | null | undefined {
   if (value === null) {
     return null;
@@ -71,6 +60,16 @@ function toNullableNumber(value: unknown): number | null | undefined {
   return undefined;
 }
 
+function toNullableString(value: unknown): string | null | undefined {
+  if (value === null) {
+    return null;
+  }
+  if (typeof value === 'string') {
+    return value;
+  }
+  return undefined;
+}
+
 function toEtfRows(value: unknown): EtfRow[] {
   if (!Array.isArray(value)) {
     return [];
@@ -82,28 +81,20 @@ function toEtfRows(value: unknown): EtfRow[] {
         return null;
       }
 
-      const symbol = item.symbol;
-      const reportDate = item.report_date;
-      const unitsInCirculation = toNullableNumber(item.units_in_circulation);
-      const previousUnitsInCirculation = toNullableNumber(item.previous_units_in_circulation);
-      const vuan = toNullableNumber(item.vuan);
-      const previousVuan = toNullableNumber(item.previous_vuan);
-      const netAssets = toNullableNumber(item.net_assets);
-      const previousNetAssets = toNullableNumber(item.previous_net_assets);
-      const reportUrl = item.report_url;
       const id = item.id;
+      const symbol = item.symbol;
+      const reportDate = toNullableString(item.report_date);
+      const reportUrl = toNullableString(item.report_url);
+      const currentValue = toNullableNumber(item.current_value);
+      const previousValue = toNullableNumber(item.previous_value);
 
       if (
-        typeof id !== 'number' ||
+        !(id === null || typeof id === 'number') ||
         typeof symbol !== 'string' ||
-        typeof reportDate !== 'string' ||
-        unitsInCirculation === undefined ||
-        previousUnitsInCirculation === undefined ||
-        vuan === undefined ||
-        previousVuan === undefined ||
-        netAssets === undefined ||
-        previousNetAssets === undefined ||
-        !(reportUrl === null || typeof reportUrl === 'string')
+        reportDate === undefined ||
+        reportUrl === undefined ||
+        currentValue === undefined ||
+        previousValue === undefined
       ) {
         return null;
       }
@@ -112,13 +103,9 @@ function toEtfRows(value: unknown): EtfRow[] {
         id,
         symbol,
         report_date: reportDate,
-        units_in_circulation: unitsInCirculation,
-        previous_units_in_circulation: previousUnitsInCirculation,
-        vuan,
-        previous_vuan: previousVuan,
-        net_assets: netAssets,
-        previous_net_assets: previousNetAssets,
         report_url: reportUrl,
+        current_value: currentValue,
+        previous_value: previousValue,
       };
     })
     .filter((row): row is EtfRow => row !== null);
@@ -146,7 +133,7 @@ function toHistoryPayload(value: unknown): HistoryPayload | null {
     !(sync.durationSeconds === null || typeof sync.durationSeconds === 'number') ||
     !Array.isArray(enabledFields) ||
     !enabledFields.every((field) => typeof field === 'string') ||
-    !isDashboardMetric(dashboardMetric) ||
+    typeof dashboardMetric !== 'string' ||
     typeof monitoredEtfs !== 'number'
   ) {
     return null;
@@ -176,7 +163,7 @@ function toFieldsPayload(value: unknown): FieldsPayload | null {
 
   const fields = value.fields
     .map((item) => {
-      if (!isRecord(item) || !isDashboardMetric(item.fieldName) || typeof item.displayName !== 'string') {
+      if (!isRecord(item) || typeof item.fieldName !== 'string' || typeof item.displayName !== 'string') {
         return null;
       }
 
@@ -273,52 +260,26 @@ function getSyncStatusStyle(status: SyncStatus): { textClass: string; dotClass:
   };
 }
 
-function getMetricLabel(
-  metric: DashboardMetric,
-  metricDisplayNames: Partial<Record<DashboardMetric, string>>,
-): string {
+function getMetricLabel(metric: DashboardMetric, metricDisplayNames: Record<string, string>): string {
   return metricDisplayNames[metric] ?? metric.replace(/_/g, ' ');
 }
 
-function getMetricDeltaLabel(
-  metric: DashboardMetric,
-  metricDisplayNames: Partial<Record<DashboardMetric, string>>,
-): string {
+function getMetricDeltaLabel(metric: DashboardMetric, metricDisplayNames: Record<string, string>): string {
   return `Δ ${getMetricLabel(metric, metricDisplayNames)}`;
 }
 
-function getCurrentMetricValue(row: EtfRow, metric: DashboardMetric): number | null {
-  if (metric === 'vuan') {
-    return row.vuan;
-  }
-  if (metric === 'net_assets') {
-    return row.net_assets;
-  }
-  return row.units_in_circulation;
-}
-
-function getPreviousMetricValue(row: EtfRow, metric: DashboardMetric): number | null {
-  if (metric === 'vuan') {
-    return row.previous_vuan;
-  }
-  if (metric === 'net_assets') {
-    return row.previous_net_assets;
-  }
-  return row.previous_units_in_circulation;
-}
-
 function formatMetricValue(value: number | null, metric: DashboardMetric): string {
   if (value === null) {
     return '-';
   }
 
-  if (metric === 'vuan') {
+  if (metric.includes('vuan')) {
     return value.toLocaleString(undefined, {
       minimumFractionDigits: 3,
       maximumFractionDigits: 3,
     });
   }
-  if (metric === 'net_assets') {
+  if (metric.includes('asset') || metric.includes('fund')) {
     return value.toLocaleString(undefined, {
       minimumFractionDigits: 2,
       maximumFractionDigits: 2,
@@ -348,9 +309,7 @@ export default function Home() {
   const pathname = usePathname();
   const [rows, setRows] = useState<EtfRow[]>([]);
   const [dashboardMetric, setDashboardMetric] = useState<DashboardMetric>('units_in_circulation');
-  const [metricDisplayNames, setMetricDisplayNames] = useState<
-    Partial<Record<DashboardMetric, string>>
-  >({});
+  const [metricDisplayNames, setMetricDisplayNames] = useState<Record<string, string>>({});
   const [scheduler, setScheduler] = useState<SchedulerSettings>({ enabled: true, time: '09:00' });
   const [sync, setSync] = useState<SyncInfo>({
     status: 'Failed',
@@ -398,7 +357,7 @@ export default function Home() {
     if (fieldsResponse.ok) {
       const fieldsPayload = toFieldsPayload(await readJsonPayload(fieldsResponse));
       if (fieldsPayload) {
-        const nextMetricDisplayNames: Partial<Record<DashboardMetric, string>> = {};
+        const nextMetricDisplayNames: Record<string, string> = {};
         for (const field of fieldsPayload.fields) {
           nextMetricDisplayNames[field.fieldName] = field.displayName;
         }
@@ -424,7 +383,10 @@ export default function Home() {
     try {
       const response = await fetch('/api/jobs/run', {
         method: 'POST',
-        headers: { 'Content-Type': 'application/json' },
+        headers: {
+          'Content-Type': 'application/json',
+          'x-etf-monitor-action': 'run-sync',
+        },
         body: JSON.stringify({ jobId: 'daily-etf-monitor' }),
       });
       if (!response.ok) {
@@ -441,90 +403,6 @@ export default function Home() {
 
   const syncStatusStyle = getSyncStatusStyle(sync.status);
 
-  if (loading) {
-    return (
-      <main className="min-h-screen bg-white">
-        <nav className="bg-[#0b3a6e] px-6 py-4 text-white">
-          <div className="mx-auto flex max-w-6xl items-center justify-between">
-            <Link href="/" className="text-lg font-semibold tracking-tight">
-              ETF Monitor
-            </Link>
-            <div className="flex items-center gap-6 text-sm">
-              <Link
-                href="/"
-                className={pathname === '/' ? 'font-semibold underline' : 'text-blue-100 hover:text-white'}
-              >
-                Dashboard
-              </Link>
-              <Link
-                href="/settings"
-                className={pathname === '/settings' ? 'font-semibold underline' : 'text-blue-100 hover:text-white'}
-              >
-                Settings
-              </Link>
-            </div>
-          </div>
-        </nav>
-        <header className="bg-[#0b3a6e] px-6 py-5 text-white">
-          <div className="mx-auto max-w-6xl">
-            <h1 className="text-3xl font-semibold tracking-tight">ETF Monitor</h1>
-            <p className="mt-1 text-sm text-blue-100">
-              Live data extracted automatically from BVB reports
-            </p>
-          </div>
-        </header>
-        <div className="mx-auto flex max-w-6xl justify-center px-4 py-10">
-          <div className="w-full max-w-5xl rounded-md border border-slate-200 bg-white p-8 shadow-sm">
-            <p className="text-sm text-slate-700">Loading...</p>
-          </div>
-        </div>
-      </main>
-    );
-  }
-
-  if (error) {
-    return (
-      <main className="min-h-screen bg-white">
-        <nav className="bg-[#0b3a6e] px-6 py-4 text-white">
-          <div className="mx-auto flex max-w-6xl items-center justify-between">
-            <Link href="/" className="text-lg font-semibold tracking-tight">
-              ETF Monitor
-            </Link>
-            <div className="flex items-center gap-6 text-sm">
-              <Link
-                href="/"
-                className={pathname === '/' ? 'font-semibold underline' : 'text-blue-100 hover:text-white'}
-              >
-                Dashboard
-              </Link>
-              <Link
-                href="/settings"
-                className={pathname === '/settings' ? 'font-semibold underline' : 'text-blue-100 hover:text-white'}
-              >
-                Settings
-              </Link>
-            </div>
-          </div>
-        </nav>
-        <header className="bg-[#0b3a6e] px-6 py-5 text-white">
-          <div className="mx-auto max-w-6xl">
-            <h1 className="text-3xl font-semibold tracking-tight">ETF Monitor</h1>
-            <p className="mt-1 text-sm text-blue-100">
-              Live data extracted automatically from BVB reports
-            </p>
-          </div>
-        </header>
-        <div className="mx-auto flex max-w-6xl justify-center px-4 py-10">
-          <div className="w-full max-w-5xl rounded-md border border-slate-200 bg-white p-8 shadow-sm">
-            <p className="text-sm text-red-700">
-              Failed to load data. Please refresh the page and try again.
-            </p>
-          </div>
-        </div>
-      </main>
-    );
-  }
-
   return (
     <main className="min-h-screen bg-white">
       <nav className="bg-[#0b3a6e] px-6 py-4 text-white">
@@ -548,161 +426,162 @@ export default function Home() {
           </div>
         </div>
       </nav>
+
       <header className="bg-[#0b3a6e] px-6 py-5 text-white">
         <div className="mx-auto max-w-6xl">
           <h1 className="text-4xl font-semibold tracking-tight">ETF Monitor</h1>
           <p className="mt-1 text-sm text-blue-100">Live data extracted automatically from BVB reports</p>
         </div>
       </header>
+
       <div className="mx-auto flex max-w-6xl justify-center px-4 py-10">
         <section className="w-full max-w-5xl rounded-md border border-slate-200 bg-white p-6 shadow-sm sm:p-8">
-          <div className="mb-6 grid gap-3 sm:grid-cols-3">
-            <div className="rounded border border-slate-200 bg-slate-50 px-4 py-3">
-              <p className="text-xs font-medium uppercase tracking-wide text-slate-500">Last Sync</p>
-              <p className="mt-1 text-sm text-slate-800">Completed</p>
-              <p className="text-sm text-slate-800">{formatDateTime(sync.completedAt)}</p>
-              <p className="mt-1 text-xs text-slate-600">Duration {formatDuration(sync.durationSeconds)}</p>
-            </div>
-            <div className="rounded border border-slate-200 bg-slate-50 px-4 py-3">
-              <p className="text-xs font-medium uppercase tracking-wide text-slate-500">Scheduler</p>
-              <p className="mt-1 text-sm text-slate-800">
-                {scheduler.enabled ? `Daily ${scheduler.time}` : `Disabled (${scheduler.time})`}
-              </p>
-            </div>
-            <div className="rounded border border-slate-200 bg-slate-50 px-4 py-3">
-              <p className="text-xs font-medium uppercase tracking-wide text-slate-500">Status</p>
-              <p className={`mt-1 inline-flex items-center gap-2 text-sm font-medium ${syncStatusStyle.textClass}`}>
-                <span
-                  className={`h-2.5 w-2.5 rounded-full ${syncStatusStyle.dotClass}${sync.status === 'Running' ? ' animate-pulse' : ''}`}
-                />
-                {sync.status}
-              </p>
-              <button
-                type="button"
-                onClick={runNow}
-                disabled={runningNow}
-                className="mt-2 rounded bg-[#0b3a6e] px-3 py-1 text-xs font-medium text-white hover:bg-[#0a335f] disabled:cursor-not-allowed disabled:opacity-60"
-              >
-                {runningNow ? 'Running...' : 'Run now'}
-              </button>
-            </div>
-          </div>
-
-          {runError ? <p className="mb-4 text-sm text-red-700">{runError}</p> : null}
-
-          {monitoredEtfs === 0 ? (
-            <p className="text-sm text-slate-700">No ETFs are currently monitored.</p>
-          ) : (
-            <div className="overflow-x-auto">
-              <table className="min-w-full border border-slate-200 text-left text-sm">
-                <thead className="bg-slate-50">
-                  <tr>
-                    <th className="border-b border-slate-200 px-4 py-3 font-semibold text-slate-800">ETF</th>
-                    <th className="border-b border-slate-200 px-4 py-3 font-semibold text-slate-800">
-                      Report Date
-                    </th>
-                    <th className="border-b border-slate-200 px-4 py-3 font-semibold text-slate-800">
-                      {getMetricLabel(dashboardMetric, metricDisplayNames)}
-                    </th>
-                    <th className="border-b border-slate-200 px-4 py-3 font-semibold text-slate-800">
-                      {getMetricDeltaLabel(dashboardMetric, metricDisplayNames)}
-                    </th>
-                    <th className="border-b border-slate-200 px-4 py-3 font-semibold text-slate-800">Δ %</th>
-                    <th className="border-b border-slate-200 px-4 py-3 font-semibold text-slate-800">PDF</th>
-                  </tr>
-                </thead>
-                <tbody>
-                  {rows.map((row, index) => (
-                    <tr
-                      key={row.symbol}
-                      className={`${index % 2 === 0 ? 'bg-white' : 'bg-slate-50'} hover:bg-blue-50`}
-                    >
-                      <td className="border-b border-slate-200 px-4 py-3 font-medium text-slate-900">
-                        {row.symbol}
-                      </td>
-                      <td className="border-b border-slate-200 px-4 py-3 text-slate-700">
-                        {new Date(row.report_date).toLocaleDateString()}
-                      </td>
-                      <td className="border-b border-slate-200 px-4 py-3 text-slate-700">
-                        {formatMetricValue(getCurrentMetricValue(row, dashboardMetric), dashboardMetric)}
-                      </td>
-                      <td
-                        className={`border-b border-slate-200 px-4 py-3 ${getDeltaColorClass(calculateDelta(getCurrentMetricValue(row, dashboardMetric), getPreviousMetricValue(row, dashboardMetric)))}`}
-                      >
-                        {(() => {
-                          const delta = calculateDelta(
-                            getCurrentMetricValue(row, dashboardMetric),
-                            getPreviousMetricValue(row, dashboardMetric),
-                          );
-
-                          if (delta === null) {
-                            return '-';
-                          }
-
-                          return (
-                            <span className="inline-flex items-center gap-1">
-                              <span className="text-[10px]" aria-hidden="true">
-                                {getDeltaIndicator(delta)}
-                              </span>
-                              <span>
-                                {delta > 0
-                                  ? `+${formatMetricValue(delta, dashboardMetric)}`
-                                  : delta < 0
-                                    ? formatMetricValue(delta, dashboardMetric)
-                                    : '0'}
-                              </span>
-                            </span>
-                          );
-                        })()}
-                      </td>
-                      <td
-                        className={`border-b border-slate-200 px-4 py-3 ${getDeltaColorClass(calculateDeltaPercent(getCurrentMetricValue(row, dashboardMetric), getPreviousMetricValue(row, dashboardMetric)))}`}
-                      >
-                        {(() => {
-                          const deltaPercent = calculateDeltaPercent(
-                            getCurrentMetricValue(row, dashboardMetric),
-                            getPreviousMetricValue(row, dashboardMetric),
-                          );
-                          if (deltaPercent === null) {
-                            return '-';
-                          }
-
-                          return (
-                            <span className="inline-flex items-center gap-1">
-                              <span className="text-[10px]" aria-hidden="true">
-                                {getDeltaIndicator(deltaPercent)}
-                              </span>
-                              <span>
-                                {`${deltaPercent > 0 ? '+' : ''}${deltaPercent.toLocaleString(undefined, {
-                                  minimumFractionDigits: 2,
-                                  maximumFractionDigits: 2,
-                                })}%`}
-                              </span>
-                            </span>
-                          );
-                        })()}
-                      </td>
-                      <td className="border-b border-slate-200 px-4 py-3">
-                        {row.report_url ? (
-                          <a
-                            href={row.report_url}
-                            target="_blank"
-                            rel="noopener noreferrer"
-                            className="inline-flex items-center gap-1 rounded border border-blue-200 bg-blue-50 px-2 py-1 text-xs font-medium text-blue-700 hover:bg-blue-100 hover:text-blue-900"
+          {loading ? <p className="text-sm text-slate-700">Loading...</p> : null}
+          {error ? (
+            <p className="text-sm text-red-700">Failed to load data. Please refresh the page and try again.</p>
+          ) : null}
+
+          {!loading && !error ? (
+            <>
+              <div className="mb-6 grid gap-3 sm:grid-cols-3">
+                <div className="rounded border border-slate-200 bg-slate-50 px-4 py-3">
+                  <p className="text-xs font-medium uppercase tracking-wide text-slate-500">Last Sync</p>
+                  <p className="mt-1 text-sm text-slate-800">{formatDateTime(sync.completedAt)}</p>
+                  <p className="mt-1 text-xs text-slate-600">Duration {formatDuration(sync.durationSeconds)}</p>
+                </div>
+                <div className="rounded border border-slate-200 bg-slate-50 px-4 py-3">
+                  <p className="text-xs font-medium uppercase tracking-wide text-slate-500">Scheduler</p>
+                  <p className="mt-1 text-sm text-slate-800">
+                    {scheduler.enabled ? `Daily ${scheduler.time}` : `Disabled (${scheduler.time})`}
+                  </p>
+                </div>
+                <div className="rounded border border-slate-200 bg-slate-50 px-4 py-3">
+                  <p className="text-xs font-medium uppercase tracking-wide text-slate-500">Status</p>
+                  <p className={`mt-1 inline-flex items-center gap-2 text-sm font-medium ${syncStatusStyle.textClass}`}>
+                    <span
+                      className={`h-2.5 w-2.5 rounded-full ${syncStatusStyle.dotClass}${sync.status === 'Running' ? ' animate-pulse' : ''}`}
+                    />
+                    {sync.status}
+                  </p>
+                  <button
+                    type="button"
+                    onClick={runNow}
+                    disabled={runningNow}
+                    className="mt-2 rounded bg-[#0b3a6e] px-3 py-1 text-xs font-medium text-white hover:bg-[#0a335f] disabled:cursor-not-allowed disabled:opacity-60"
+                  >
+                    {runningNow ? 'Running...' : 'Run now'}
+                  </button>
+                </div>
+              </div>
+
+              {runError ? <p className="mb-4 text-sm text-red-700">{runError}</p> : null}
+
+              {monitoredEtfs === 0 ? (
+                <p className="text-sm text-slate-700">No ETFs are currently monitored.</p>
+              ) : (
+                <div className="overflow-x-auto">
+                  <table className="min-w-full border border-slate-200 text-left text-sm">
+                    <thead className="bg-slate-50">
+                      <tr>
+                        <th className="border-b border-slate-200 px-4 py-3 font-semibold text-slate-800">ETF</th>
+                        <th className="border-b border-slate-200 px-4 py-3 font-semibold text-slate-800">
+                          Report Date
+                        </th>
+                        <th className="border-b border-slate-200 px-4 py-3 font-semibold text-slate-800">
+                          {getMetricLabel(dashboardMetric, metricDisplayNames)}
+                        </th>
+                        <th className="border-b border-slate-200 px-4 py-3 font-semibold text-slate-800">
+                          {getMetricDeltaLabel(dashboardMetric, metricDisplayNames)}
+                        </th>
+                        <th className="border-b border-slate-200 px-4 py-3 font-semibold text-slate-800">Δ %</th>
+                        <th className="border-b border-slate-200 px-4 py-3 font-semibold text-slate-800">PDF</th>
+                      </tr>
+                    </thead>
+                    <tbody>
+                      {rows.map((row, index) => {
+                        const delta = calculateDelta(row.current_value, row.previous_value);
+                        const deltaPercent = calculateDeltaPercent(row.current_value, row.previous_value);
+
+                        return (
+                          <tr
+                            key={row.symbol}
+                            className={`${index % 2 === 0 ? 'bg-white' : 'bg-slate-50'} hover:bg-blue-50`}
                           >
-                            <span aria-hidden="true">↗</span>
-                            <span>View</span>
-                          </a>
-                        ) : (
-                          '-'
-                        )}
-                      </td>
-                    </tr>
-                  ))}
-                </tbody>
-              </table>
-            </div>
-          )}
+                            <td className="border-b border-slate-200 px-4 py-3 font-medium text-slate-900">
+                              <Link
+                                href={`/etf/${encodeURIComponent(row.symbol)}`}
+                                className="text-[#0b3a6e] hover:underline"
+                              >
+                                {row.symbol}
+                              </Link>
+                            </td>
+                            <td className="border-b border-slate-200 px-4 py-3 text-slate-700">
+                              {row.report_date ? new Date(row.report_date).toLocaleDateString() : '-'}
+                            </td>
+                            <td className="border-b border-slate-200 px-4 py-3 text-slate-700">
+                              {formatMetricValue(row.current_value, dashboardMetric)}
+                            </td>
+                            <td className={`border-b border-slate-200 px-4 py-3 ${getDeltaColorClass(delta)}`}>
+                              {delta === null ? (
+                                '-'
+                              ) : (
+                                <span className="inline-flex items-center gap-1">
+                                  <span className="text-[10px]" aria-hidden="true">
+                                    {getDeltaIndicator(delta)}
+                                  </span>
+                                  <span>
+                                    {delta > 0
+                                      ? `+${formatMetricValue(delta, dashboardMetric)}`
+                                      : delta < 0
+                                        ? formatMetricValue(delta, dashboardMetric)
+                                        : '0'}
+                                  </span>
+                                </span>
+                              )}
+                            </td>
+                            <td
+                              className={`border-b border-slate-200 px-4 py-3 ${getDeltaColorClass(deltaPercent)}`}
+                            >
+                              {deltaPercent === null ? (
+                                '-'
+                              ) : (
+                                <span className="inline-flex items-center gap-1">
+                                  <span className="text-[10px]" aria-hidden="true">
+                                    {getDeltaIndicator(deltaPercent)}
+                                  </span>
+                                  <span>
+                                    {`${deltaPercent > 0 ? '+' : ''}${deltaPercent.toLocaleString(undefined, {
+                                      minimumFractionDigits: 2,
+                                      maximumFractionDigits: 2,
+                                    })}%`}
+                                  </span>
+                                </span>
+                              )}
+                            </td>
+                            <td className="border-b border-slate-200 px-4 py-3">
+                              {row.report_url ? (
+                                <a
+                                  href={row.report_url}
+                                  target="_blank"
+                                  rel="noopener noreferrer"
+                                  className="inline-flex items-center gap-1 rounded border border-blue-200 bg-blue-50 px-2 py-1 text-xs font-medium text-blue-700 hover:bg-blue-100 hover:text-blue-900"
+                                >
+                                  <span aria-hidden="true">↗</span>
+                                  <span>View</span>
+                                </a>
+                              ) : (
+                                '-'
+                              )}
+                            </td>
+                          </tr>
+                        );
+                      })}
+                    </tbody>
+                  </table>
+                </div>
+              )}
+            </>
+          ) : null}
         </section>
       </div>
     </main>
diff --git a/etf-monitor/app/settings/fields/page.tsx b/etf-monitor/app/settings/fields/page.tsx
index fefa52c..8bb22ed 100644
--- a/etf-monitor/app/settings/fields/page.tsx
+++ b/etf-monitor/app/settings/fields/page.tsx
@@ -274,7 +274,7 @@ export default function FieldSettingsPage() {
                   Select the metric displayed as the main metric on the dashboard.
                 </p>
                 <div className="mt-3 space-y-2 text-sm text-slate-800">
-                  {fields.map((item) => (
+                  {fields.filter((item) => item.enabled).map((item) => (
                     <label key={`dashboard-metric-${item.fieldName}`} className="flex items-center gap-2">
                       <input
                         type="radio"
@@ -287,6 +287,9 @@ export default function FieldSettingsPage() {
                       <span>{item.displayName}</span>
                     </label>
                   ))}
+                  {fields.every((item) => !item.enabled) ? (
+                    <p className="text-sm text-slate-600">Enable at least one metric.</p>
+                  ) : null}
                 </div>
               </div>
 
diff --git a/etf-monitor/app/settings/scheduler/page.tsx b/etf-monitor/app/settings/scheduler/page.tsx
index 3829482..5f186fb 100644
--- a/etf-monitor/app/settings/scheduler/page.tsx
+++ b/etf-monitor/app/settings/scheduler/page.tsx
@@ -47,7 +47,10 @@ export default function SchedulerSettingsPage() {
     try {
       const response = await fetch('/api/jobs/run', {
         method: 'POST',
-        headers: { 'Content-Type': 'application/json' },
+        headers: {
+          'Content-Type': 'application/json',
+          'x-etf-monitor-action': 'run-sync',
+        },
         body: JSON.stringify({
           jobId: 'daily-etf-monitor',
         }),
diff --git a/etf-monitor/lib/ai/index.ts b/etf-monitor/lib/ai/index.ts
index 6efc72a..59db868 100644
--- a/etf-monitor/lib/ai/index.ts
+++ b/etf-monitor/lib/ai/index.ts
@@ -1,3 +1,4 @@
 export * from './provider';
 export * from './mock-provider';
 export * from './service';
+export * from './configuration-assistant';
diff --git a/etf-monitor/lib/bvb/service.ts b/etf-monitor/lib/bvb/service.ts
index 235e5e2..03b4f4a 100644
--- a/etf-monitor/lib/bvb/service.ts
+++ b/etf-monitor/lib/bvb/service.ts
@@ -6,6 +6,20 @@ const BVB_BASE_URL = 'https://www.bvb.ro';
 const BVB_DETAILS_URL =
   'https://www.bvb.ro/FinancialInstruments/Details/FinancialInstrumentsDetails.aspx?s=';
 
+function isValidEtfSymbol(symbol: string): boolean {
+  return /^[A-Z0-9]{2,20}$/.test(symbol);
+}
+
+function isValidReportDate(reportDate: Date): boolean {
+  if (Number.isNaN(reportDate.getTime())) {
+    return false;
+  }
+
+  const now = Date.now();
+  const oneDayInMilliseconds = 24 * 60 * 60 * 1000;
+  return reportDate.getTime() >= Date.UTC(2000, 0, 1) && reportDate.getTime() <= now + oneDayInMilliseconds;
+}
+
 function parseRoDate(dateText: string): Date | null {
   const match = dateText.match(/^(\d{2})\.(\d{2})\.(\d{4})$/);
   if (!match) {
@@ -131,6 +145,10 @@ export class BVBService {
 
   async getLatestReport(etfSymbol: string): Promise<Report | null> {
     const normalizedSymbol = etfSymbol.trim().toUpperCase();
+    if (!isValidEtfSymbol(normalizedSymbol)) {
+      throw new Error(`Invalid ETF symbol: ${normalizedSymbol}`);
+    }
+
     const response = await fetch(`${BVB_DETAILS_URL}${encodeURIComponent(normalizedSymbol)}`, {
       method: 'GET',
       cache: 'no-store',
@@ -171,7 +189,7 @@ export class BVBService {
       }
 
       const reportDate = extractReportDate(title, reportUrl, rowHtml);
-      if (!reportDate) {
+      if (!reportDate || !isValidReportDate(reportDate)) {
         continue;
       }
 
@@ -202,7 +220,17 @@ export class BVBService {
       throw new Error(`Failed to download report. Status: ${response.status}`);
     }
 
+    const contentType = (response.headers.get('content-type') ?? '').toLowerCase();
+    if (!contentType.includes('pdf') && !contentType.includes('octet-stream')) {
+      throw new Error(`Unexpected report content type: ${contentType || 'unknown'}`);
+    }
+
     const bytes = await response.arrayBuffer();
-    return Buffer.from(bytes);
+    const buffer = Buffer.from(bytes);
+    if (buffer.length < 5 || buffer.subarray(0, 4).toString('ascii') !== '%PDF') {
+      throw new Error('Downloaded report is not a valid PDF document');
+    }
+
+    return buffer;
   }
 }
diff --git a/etf-monitor/lib/config/service.ts b/etf-monitor/lib/config/service.ts
index 73604be..427c40a 100644
--- a/etf-monitor/lib/config/service.ts
+++ b/etf-monitor/lib/config/service.ts
@@ -1,25 +1,47 @@
+import type { BVBService } from '../bvb';
 import { DatabaseService } from '../db';
-import { SUPPORTED_METRIC_KEYS, type MetricKey } from '../types';
+import type { PDFService } from '../pdf';
 
 interface MonitoredEtfRow {
   symbol: string;
+  name: string | null;
+  isin: string | null;
+  bvb_symbol: string | null;
   enabled: number | string;
 }
 
-interface MonitoredEtf {
+export interface MonitoredEtf {
   symbol: string;
+  name: string | null;
+  isin: string | null;
+  bvbSymbol: string;
   enabled: boolean;
 }
 
 interface MonitoredFieldRow {
   field_name: string;
   display_name: string;
+  extractor_key: string | null;
+  extraction_hint: string | null;
+  extraction_pattern: string | null;
   enabled: number | string;
 }
 
-interface MonitoredField {
+export type MetricExtractorKey = 'units_in_circulation' | 'vuan' | 'net_assets' | 'regex_label_number';
+
+const EXTRACTOR_KEYS = new Set<MetricExtractorKey>([
+  'units_in_circulation',
+  'vuan',
+  'net_assets',
+  'regex_label_number',
+]);
+
+export interface MonitoredField {
   fieldName: string;
   displayName: string;
+  extractorKey: MetricExtractorKey;
+  extractionHint: string | null;
+  extractionPattern: string | null;
   enabled: boolean;
 }
 
@@ -33,21 +55,136 @@ export interface SchedulerSettings {
   time: string;
 }
 
-export type DashboardMetric = MetricKey;
+export type DashboardMetric = string;
+
+export interface ConfigurationSnapshot {
+  etfs: MonitoredEtf[];
+  fields: MonitoredField[];
+  dashboardMetric: DashboardMetric;
+  scheduler: SchedulerSettings;
+}
+
+export interface ValidatedEtfResult {
+  symbol: string;
+  name: string;
+  isin: string;
+  bvbSymbol: string;
+  latestReportDate: string;
+  latestReportUrl: string;
+}
+
+export interface MetricValidationResult {
+  field: MonitoredField;
+  alreadyExists: boolean;
+  sampleValue: number;
+  sourceSymbol: string;
+  latestReportDate: string;
+  latestReportUrl: string;
+}
+
+export interface AddMonitoredMetricInput {
+  fieldName: string;
+  displayName: string;
+  extractorKey: MetricExtractorKey;
+  extractionHint?: string | null;
+  extractionPattern?: string | null;
+  enabled?: boolean;
+}
+
+function normalizeSymbol(symbol: string): string {
+  return symbol.trim().toUpperCase();
+}
+
+function isValidSymbol(symbol: string): boolean {
+  return /^[A-Z0-9]{2,20}$/.test(symbol);
+}
+
+function normalizeText(value: string): string {
+  return value.trim().toLowerCase().replace(/\s+/g, ' ');
+}
+
+function slugifyMetricName(input: string): string {
+  const normalized = input
+    .trim()
+    .toLowerCase()
+    .replace(/[^a-z0-9]+/g, '_')
+    .replace(/^_+|_+$/g, '')
+    .replace(/_+/g, '_');
+
+  if (normalized.length === 0) {
+    return 'metric_value';
+  }
+
+  if (/^[0-9]/.test(normalized)) {
+    return `metric_${normalized}`;
+  }
+
+  return normalized;
+}
+
+function escapeRegExp(value: string): string {
+  return value.replace(/[.*+?^${}()|[\]\\]/g, '\\$&');
+}
+
+function toExtractorKey(value: string | null): MetricExtractorKey {
+  if (value && EXTRACTOR_KEYS.has(value as MetricExtractorKey)) {
+    return value as MetricExtractorKey;
+  }
+
+  return 'regex_label_number';
+}
+
+function getBuiltinMetricDefinition(requestedMetric: string): AddMonitoredMetricInput | null {
+  const normalized = normalizeText(requestedMetric);
+
+  if (
+    normalized.includes('units in circulation') ||
+    normalized.includes('numar u.f') ||
+    normalized.includes('unitati in circulatie') ||
+    normalized === 'units'
+  ) {
+    return {
+      fieldName: 'units_in_circulation',
+      displayName: 'Units in Circulation',
+      extractorKey: 'units_in_circulation',
+    };
+  }
+
+  if (normalized.includes('vuan') || normalized.includes('valoare unitara')) {
+    return {
+      fieldName: 'vuan',
+      displayName: 'VUAN',
+      extractorKey: 'vuan',
+    };
+  }
 
-const DASHBOARD_METRIC_SET = new Set<string>(SUPPORTED_METRIC_KEYS);
+  if (
+    normalized.includes('net assets') ||
+    normalized.includes('fund size') ||
+    normalized.includes('active net') ||
+    normalized.includes('activ net')
+  ) {
+    return {
+      fieldName: 'net_assets',
+      displayName: 'Net Assets',
+      extractorKey: 'net_assets',
+    };
+  }
 
-function isDashboardMetric(value: string): value is DashboardMetric {
-  return DASHBOARD_METRIC_SET.has(value);
+  return null;
 }
 
 export class ConfigService {
+  private readonly database = new DatabaseService().getDatabase();
+
   async getAllMonitoredEtfs(): Promise<MonitoredEtf[]> {
-    const database = new DatabaseService().getDatabase();
-    const rows = (await database(
+    const rows = (await this.database(
       `
       SELECT
           symbol,
+          name,
+          isin,
+          bvb_symbol,
           enabled
       FROM monitored_etfs
       ORDER BY symbol
@@ -56,27 +193,75 @@ export class ConfigService {
 
     return rows.map((row) => ({
       symbol: row.symbol,
+      name: row.name,
+      isin: row.isin,
+      bvbSymbol: row.bvb_symbol ?? row.symbol,
       enabled: Number(row.enabled) === 1,
     }));
   }
 
+  async getMonitoredEtf(symbol: string): Promise<MonitoredEtf | null> {
+    const normalizedSymbol = normalizeSymbol(symbol);
+    const rows = (await this.database(
+      `
+      SELECT
+          symbol,
+          name,
+          isin,
+          bvb_symbol,
+          enabled
+      FROM monitored_etfs
+      WHERE symbol = $1
+      LIMIT 1
+      `,
+      [normalizedSymbol],
+    )) as MonitoredEtfRow[];
+
+    const row = rows[0];
+    if (!row) {
+      return null;
+    }
+
+    return {
+      symbol: row.symbol,
+      name: row.name,
+      isin: row.isin,
+      bvbSymbol: row.bvb_symbol ?? row.symbol,
+      enabled: Number(row.enabled) === 1,
+    };
+  }
+
   async getMonitoredEtfs(): Promise<string[]> {
-    const database = new DatabaseService().getDatabase();
-    const rows = (await database(
+    const etfs = await this.getEnabledMonitoredEtfs();
+    return etfs.map((etf) => etf.bvbSymbol);
+  }
+
+  async getEnabledMonitoredEtfs(): Promise<MonitoredEtf[]> {
+    const rows = (await this.database(
       `
-      SELECT symbol
+      SELECT
+          symbol,
+          name,
+          isin,
+          bvb_symbol,
+          enabled
       FROM monitored_etfs
       WHERE enabled = 1
       ORDER BY symbol
       `,
-    )) as Array<{ symbol: string }>;
+    )) as MonitoredEtfRow[];
 
-    return rows.map((row) => row.symbol);
+    return rows.map((row) => ({
+      symbol: row.symbol,
+      name: row.name,
+      isin: row.isin,
+      bvbSymbol: row.bvb_symbol ?? row.symbol,
+      enabled: true,
+    }));
   }
 
   async getEnabledMonitoredEtfCount(): Promise<number> {
-    const database = new DatabaseService().getDatabase();
-    const rows = (await database(
+    const rows = (await this.database(
       `
       SELECT COUNT(*) AS count
       FROM monitored_etfs
@@ -87,37 +272,111 @@ export class ConfigService {
     return Number(rows[0]?.count ?? 0);
   }
 
+  async addMonitoredEtf(etf: MonitoredEtf): Promise<void> {
+    const symbol = normalizeSymbol(etf.symbol);
+    if (!isValidSymbol(symbol)) {
+      throw new Error('Invalid ETF symbol');
+    }
+
+    const bvbSymbol = normalizeSymbol(etf.bvbSymbol);
+    if (!isValidSymbol(bvbSymbol)) {
+      throw new Error('Invalid ETF BVB symbol');
+    }
+
+    await this.database(
+      `
+      INSERT INTO monitored_etfs (symbol, name, isin, bvb_symbol, enabled)
+      VALUES ($1, $2, $3, $4, $5)
+      ON CONFLICT(symbol) DO UPDATE SET
+        name = EXCLUDED.name,
+        isin = EXCLUDED.isin,
+        bvb_symbol = EXCLUDED.bvb_symbol,
+        enabled = EXCLUDED.enabled
+      `,
+      [symbol, etf.name, etf.isin, bvbSymbol, etf.enabled ? 1 : 0],
+    );
+  }
+
   async enableEtf(symbol: string): Promise<void> {
-    const database = new DatabaseService().getDatabase();
-    await database(
+    const normalizedSymbol = normalizeSymbol(symbol);
+    if (!isValidSymbol(normalizedSymbol)) {
+      throw new Error('Invalid ETF symbol');
+    }
+
+    await this.database(
       `
       UPDATE monitored_etfs
       SET enabled = 1
       WHERE symbol = $1
       `,
-      [symbol],
+      [normalizedSymbol],
     );
   }
 
   async disableEtf(symbol: string): Promise<void> {
-    const database = new DatabaseService().getDatabase();
-    await database(
+    const normalizedSymbol = normalizeSymbol(symbol);
+    if (!isValidSymbol(normalizedSymbol)) {
+      throw new Error('Invalid ETF symbol');
+    }
+
+    await this.database(
       `
       UPDATE monitored_etfs
       SET enabled = 0
       WHERE symbol = $1
       `,
-      [symbol],
+      [normalizedSymbol],
     );
   }
 
+  async removeMonitoredEtf(symbol: string): Promise<void> {
+    await this.disableEtf(symbol);
+  }
+
+  async validateEtf(candidate: string, bvbService: BVBService): Promise<ValidatedEtfResult> {
+    const query = candidate.trim();
+    if (!query) {
+      throw new Error('ETF identifier is required');
+    }
+
+    const allEtfs = await bvbService.getEtfs();
+    const normalizedCandidate = normalizeText(query);
+    const normalizedSymbolCandidate = normalizeSymbol(query);
+
+    const exactSymbol = allEtfs.find((etf) => etf.symbol === normalizedSymbolCandidate);
+    const exactIsin = allEtfs.find((etf) => normalizeText(etf.isin) === normalizedCandidate);
+    const exactName = allEtfs.find((etf) => normalizeText(etf.name) === normalizedCandidate);
+    const partialMatch = allEtfs.find((etf) => normalizeText(etf.name).includes(normalizedCandidate));
+    const matched = exactSymbol ?? exactIsin ?? exactName ?? partialMatch;
+
+    if (!matched) {
+      throw new Error('ETF not found on BVB');
+    }
+
+    const latestReport = await bvbService.getLatestReport(matched.symbol);
+    if (!latestReport) {
+      throw new Error(`No daily report found for ETF ${matched.symbol}`);
+    }
+
+    return {
+      symbol: matched.symbol,
+      name: matched.name,
+      isin: matched.isin,
+      bvbSymbol: matched.symbol,
+      latestReportDate: latestReport.reportDate.toISOString(),
+      latestReportUrl: latestReport.reportUrl,
+    };
+  }
+
   async getAllMonitoredFields(): Promise<MonitoredField[]> {
-    const database = new DatabaseService().getDatabase();
-    const rows = (await database(
+    const rows = (await this.database(
       `
       SELECT
           field_name,
           display_name,
+          extractor_key,
+          extraction_hint,
+          extraction_pattern,
           enabled
       FROM monitored_fields
       ORDER BY field_name
@@ -127,13 +386,41 @@ export class ConfigService {
     return rows.map((row) => ({
       fieldName: row.field_name,
       displayName: row.display_name,
+      extractorKey: toExtractorKey(row.extractor_key),
+      extractionHint: row.extraction_hint,
+      extractionPattern: row.extraction_pattern,
       enabled: Number(row.enabled) === 1,
     }));
   }
 
+  async getEnabledMonitoredFields(): Promise<MonitoredField[]> {
+    const rows = (await this.database(
+      `
+      SELECT
+          field_name,
+          display_name,
+          extractor_key,
+          extraction_hint,
+          extraction_pattern,
+          enabled
+      FROM monitored_fields
+      WHERE enabled = 1
+      ORDER BY field_name
+      `,
+    )) as MonitoredFieldRow[];
+
+    return rows.map((row) => ({
+      fieldName: row.field_name,
+      displayName: row.display_name,
+      extractorKey: toExtractorKey(row.extractor_key),
+      extractionHint: row.extraction_hint,
+      extractionPattern: row.extraction_pattern,
+      enabled: true,
+    }));
+  }
+
   async getEnabledFieldNames(): Promise<string[]> {
-    const database = new DatabaseService().getDatabase();
-    const rows = (await database(
+    const rows = (await this.database(
       `
       SELECT field_name
       FROM monitored_fields
@@ -145,9 +432,80 @@ export class ConfigService {
     return rows.map((row) => row.field_name);
   }
 
+  async getMonitoredField(fieldName: string): Promise<MonitoredField | null> {
+    const rows = (await this.database(
+      `
+      SELECT
+          field_name,
+          display_name,
+          extractor_key,
+          extraction_hint,
+          extraction_pattern,
+          enabled
+      FROM monitored_fields
+      WHERE field_name = $1
+      LIMIT 1
+      `,
+      [fieldName],
+    )) as MonitoredFieldRow[];
+
+    const row = rows[0];
+    if (!row) {
+      return null;
+    }
+
+    return {
+      fieldName: row.field_name,
+      displayName: row.display_name,
+      extractorKey: toExtractorKey(row.extractor_key),
+      extractionHint: row.extraction_hint,
+      extractionPattern: row.extraction_pattern,
+      enabled: Number(row.enabled) === 1,
+    };
+  }
+
+  async addMonitoredMetric(metric: AddMonitoredMetricInput): Promise<void> {
+    if (!metric.fieldName.trim()) {
+      throw new Error('Metric key is required');
+    }
+    if (!metric.displayName.trim()) {
+      throw new Error('Metric display name is required');
+    }
+    if (!EXTRACTOR_KEYS.has(metric.extractorKey)) {
+      throw new Error('Invalid metric extractor');
+    }
+
+    await this.database(
+      `
+      INSERT INTO monitored_fields (
+        field_name,
+        display_name,
+        extractor_key,
+        extraction_hint,
+        extraction_pattern,
+        enabled
+      )
+      VALUES ($1, $2, $3, $4, $5, $6)
+      ON CONFLICT(field_name) DO UPDATE SET
+        display_name = EXCLUDED.display_name,
+        extractor_key = EXCLUDED.extractor_key,
+        extraction_hint = EXCLUDED.extraction_hint,
+        extraction_pattern = EXCLUDED.extraction_pattern,
+        enabled = EXCLUDED.enabled
+      `,
+      [
+        metric.fieldName,
+        metric.displayName,
+        metric.extractorKey,
+        metric.extractionHint ?? null,
+        metric.extractionPattern ?? null,
+        metric.enabled === false ? 0 : 1,
+      ],
+    );
+  }
+
   async enableField(fieldName: string): Promise<void> {
-    const database = new DatabaseService().getDatabase();
-    await database(
+    await this.database(
       `
       UPDATE monitored_fields
       SET enabled = 1
@@ -158,8 +516,7 @@ export class ConfigService {
   }
 
   async disableField(fieldName: string): Promise<void> {
-    const database = new DatabaseService().getDatabase();
-    await database(
+    await this.database(
       `
       UPDATE monitored_fields
       SET enabled = 0
@@ -169,9 +526,85 @@ export class ConfigService {
     );
   }
 
+  async removeMonitoredMetric(fieldName: string): Promise<void> {
+    await this.disableField(fieldName);
+  }
+
+  async validateMetric(
+    requestedMetric: string,
+    bvbService: BVBService,
+    pdfService: PDFService,
+  ): Promise<MetricValidationResult> {
+    const query = requestedMetric.trim();
+    if (!query) {
+      throw new Error('Metric name is required');
+    }
+
+    const allFields = await this.getAllMonitoredFields();
+    const normalizedQuery = normalizeText(query);
+    const existing = allFields.find((field) => {
+      const normalizedKey = normalizeText(field.fieldName.replace(/_/g, ' '));
+      const normalizedDisplayName = normalizeText(field.displayName);
+      return normalizedDisplayName === normalizedQuery || normalizedKey === normalizedQuery;
+    });
+
+    if (existing) {
+      const sample = await this.extractSampleMetricValue(existing, bvbService, pdfService);
+      return {
+        field: existing,
+        alreadyExists: true,
+        sampleValue: sample.value,
+        sourceSymbol: sample.symbol,
+        latestReportDate: sample.reportDate,
+        latestReportUrl: sample.reportUrl,
+      };
+    }
+
+    const builtinDefinition = getBuiltinMetricDefinition(query);
+    if (builtinDefinition) {
+      const field: MonitoredField = {
+        fieldName: builtinDefinition.fieldName,
+        displayName: builtinDefinition.displayName,
+        extractorKey: builtinDefinition.extractorKey,
+        extractionHint: builtinDefinition.extractionHint ?? null,
+        extractionPattern: builtinDefinition.extractionPattern ?? null,
+        enabled: true,
+      };
+      const sample = await this.extractSampleMetricValue(field, bvbService, pdfService);
+      return {
+        field,
+        alreadyExists: false,
+        sampleValue: sample.value,
+        sourceSymbol: sample.symbol,
+        latestReportDate: sample.reportDate,
+        latestReportUrl: sample.reportUrl,
+      };
+    }
+
+    const fieldName = await this.nextAvailableFieldName(slugifyMetricName(query));
+    const provisionalField: MonitoredField = {
+      fieldName,
+      displayName: query.trim(),
+      extractorKey: 'regex_label_number',
+      extractionHint: query.trim(),
+      extractionPattern:
+        `${escapeRegExp(query.trim())}[^0-9+-]*([+-]?[0-9][0-9.,\\s\\u00A0]*)`,
+      enabled: true,
+    };
+    const sample = await this.extractSampleMetricValue(provisionalField, bvbService, pdfService);
+
+    return {
+      field: provisionalField,
+      alreadyExists: false,
+      sampleValue: sample.value,
+      sourceSymbol: sample.symbol,
+      latestReportDate: sample.reportDate,
+      latestReportUrl: sample.reportUrl,
+    };
+  }
+
   async getSchedulerSettings(): Promise<SchedulerSettings> {
-    const database = new DatabaseService().getDatabase();
-    const rows = (await database(
+    const rows = (await this.database(
       `
       SELECT key, value
       FROM configuration
@@ -188,8 +621,7 @@ export class ConfigService {
   }
 
   async getDashboardMetric(): Promise<DashboardMetric> {
-    const database = new DatabaseService().getDatabase();
-    const rows = (await database(
+    const rows = (await this.database(
       `
       SELECT value
       FROM configuration
@@ -198,18 +630,30 @@ export class ConfigService {
       `,
       ['dashboard_metric'],
     )) as Array<{ value: string }>;
+    const configuredMetric = rows[0]?.value;
+    if (configuredMetric) {
+      const configuredField = await this.getMonitoredField(configuredMetric);
+      if (configuredField?.enabled) {
+        return configuredMetric;
+      }
+    }
 
-    const metric = rows[0]?.value;
-    if (metric && isDashboardMetric(metric)) {
-      return metric;
+    const fallbackField = await this.getMonitoredField('units_in_circulation');
+    if (fallbackField?.enabled) {
+      return fallbackField.fieldName;
     }
 
-    return 'units_in_circulation';
+    const firstField = (await this.getEnabledMonitoredFields())[0];
+    return firstField?.fieldName ?? 'units_in_circulation';
   }
 
-  async saveDashboardMetric(metric: DashboardMetric): Promise<void> {
-    const database = new DatabaseService().getDatabase();
-    await database(
+  async setDashboardMetric(metric: DashboardMetric): Promise<void> {
+    const monitoredField = await this.getMonitoredField(metric);
+    if (!monitoredField || !monitoredField.enabled) {
+      throw new Error('Unknown dashboard metric');
+    }
+
+    await this.database(
       `
       INSERT INTO configuration (key, value)
       VALUES ($1, $2)
@@ -219,9 +663,12 @@ export class ConfigService {
     );
   }
 
+  async saveDashboardMetric(metric: DashboardMetric): Promise<void> {
+    await this.setDashboardMetric(metric);
+  }
+
   async saveSchedulerSettings(settings: SchedulerSettings): Promise<void> {
-    const database = new DatabaseService().getDatabase();
-    await database(
+    await this.database(
       `
       INSERT INTO configuration (key, value)
       VALUES
@@ -232,4 +679,71 @@ export class ConfigService {
       ['scheduler_enabled', settings.enabled ? 'true' : 'false', 'scheduler_time', settings.time],
     );
   }
+
+  async getConfiguration(): Promise<ConfigurationSnapshot> {
+    const [etfs, fields, dashboardMetric, scheduler] = await Promise.all([
+      this.getAllMonitoredEtfs(),
+      this.getAllMonitoredFields(),
+      this.getDashboardMetric(),
+      this.getSchedulerSettings(),
+    ]);
+
+    return {
+      etfs,
+      fields,
+      dashboardMetric,
+      scheduler,
+    };
+  }
+
+  private async nextAvailableFieldName(baseFieldName: string): Promise<string> {
+    const existingNames = new Set((await this.getAllMonitoredFields()).map((field) => field.fieldName));
+    if (!existingNames.has(baseFieldName)) {
+      return baseFieldName;
+    }
+
+    let suffix = 2;
+    while (existingNames.has(`${baseFieldName}_${suffix}`)) {
+      suffix += 1;
+    }
+
+    return `${baseFieldName}_${suffix}`;
+  }
+
+  private async extractSampleMetricValue(
+    field: MonitoredField,
+    bvbService: BVBService,
+    pdfService: PDFService,
+  ): Promise<{ symbol: string; value: number; reportDate: string; reportUrl: string }> {
+    const monitoredSymbols = await this.getMonitoredEtfs();
+    let sourceSymbol = monitoredSymbols[0];
+    if (!sourceSymbol) {
+      const bvbEtfs = await bvbService.getEtfs();
+      sourceSymbol = bvbEtfs[0]?.symbol;
+    }
+
+    if (!sourceSymbol) {
+      throw new Error('No ETF available for metric validation');
+    }
+
+    const report = await bvbService.getLatestReport(sourceSymbol);
+    if (!report) {
+      throw new Error(`No latest report available for ETF ${sourceSymbol}`);
+    }
+
+    const reportBuffer = await bvbService.downloadReport(report);
+    const parsedText = await pdfService.parse(reportBuffer);
+    const sampleValue = pdfService.extractMetricValue(parsedText, field);
+
+    if (!Number.isFinite(sampleValue)) {
+      throw new Error(`Metric ${field.fieldName} produced a non-finite value`);
+    }
+
+    return {
+      symbol: sourceSymbol,
+      value: sampleValue,
+      reportDate: report.reportDate.toISOString(),
+      reportUrl: report.reportUrl,
+    };
+  }
 }
diff --git a/etf-monitor/lib/db/service.ts b/etf-monitor/lib/db/service.ts
index c98e965..0096a13 100644
--- a/etf-monitor/lib/db/service.ts
+++ b/etf-monitor/lib/db/service.ts
@@ -1,5 +1,10 @@
 import { neon } from '@neondatabase/serverless';
-import { SUPPORTED_METRIC_KEYS, type MetricKey, type MetricValueMap } from '../types';
+import {
+  SUPPORTED_METRIC_KEYS,
+  type DynamicMetricValueMap,
+  type MetricKey,
+  type MetricValueMap,
+} from '../types';
 
 const CREATE_ETF_HISTORY_TABLE_SQL = `
 CREATE TABLE IF NOT EXISTS etf_history (
@@ -34,6 +39,9 @@ CREATE TABLE IF NOT EXISTS sync_runs (
 const CREATE_MONITORED_ETFS_TABLE_SQL = `
 CREATE TABLE IF NOT EXISTS monitored_etfs (
     symbol TEXT PRIMARY KEY,
+    name TEXT,
+    isin TEXT,
+    bvb_symbol TEXT,
     enabled INTEGER NOT NULL
 );
 `;
@@ -42,6 +50,9 @@ const CREATE_MONITORED_FIELDS_TABLE_SQL = `
 CREATE TABLE IF NOT EXISTS monitored_fields (
     field_name TEXT PRIMARY KEY,
     display_name TEXT NOT NULL,
+    extractor_key TEXT NOT NULL,
+    extraction_hint TEXT,
+    extraction_pattern TEXT,
     enabled INTEGER NOT NULL
 );
 `;
@@ -78,29 +89,97 @@ ON etf_metrics(metric_key, history_id);
 
 const METRIC_KEY_SET = new Set<string>(SUPPORTED_METRIC_KEYS);
 
+const ALTER_MONITORED_ETFS_ADD_NAME_SQL = `
+ALTER TABLE monitored_etfs ADD COLUMN IF NOT EXISTS name TEXT;
+`;
+
+const ALTER_MONITORED_ETFS_ADD_ISIN_SQL = `
+ALTER TABLE monitored_etfs ADD COLUMN IF NOT EXISTS isin TEXT;
+`;
+
+const ALTER_MONITORED_ETFS_ADD_BVB_SYMBOL_SQL = `
+ALTER TABLE monitored_etfs ADD COLUMN IF NOT EXISTS bvb_symbol TEXT;
+`;
+
+const ALTER_MONITORED_FIELDS_ADD_EXTRACTOR_KEY_SQL = `
+ALTER TABLE monitored_fields ADD COLUMN IF NOT EXISTS extractor_key TEXT;
+`;
+
+const ALTER_MONITORED_FIELDS_ADD_EXTRACTION_HINT_SQL = `
+ALTER TABLE monitored_fields ADD COLUMN IF NOT EXISTS extraction_hint TEXT;
+`;
+
+const ALTER_MONITORED_FIELDS_ADD_EXTRACTION_PATTERN_SQL = `
+ALTER TABLE monitored_fields ADD COLUMN IF NOT EXISTS extraction_pattern TEXT;
+`;
+
+const BACKFILL_MONITORED_ETFS_BVB_SYMBOL_SQL = `
+UPDATE monitored_etfs
+SET bvb_symbol = symbol
+WHERE bvb_symbol IS NULL OR bvb_symbol = '';
+`;
+
+const BACKFILL_MONITORED_FIELDS_EXTRACTOR_KEY_SQL = `
+UPDATE monitored_fields
+SET extractor_key = CASE field_name
+  WHEN 'units_in_circulation' THEN 'units_in_circulation'
+  WHEN 'vuan' THEN 'vuan'
+  WHEN 'net_assets' THEN 'net_assets'
+  ELSE 'regex_label_number'
+END
+WHERE extractor_key IS NULL OR extractor_key = '';
+`;
+
 const DEFAULT_MONITORED_ETFS = [
-  'TVBETETF',
-  'PTENGETF',
-  'BTBETRETF',
-  'BKBETETF',
-  'GIBEFETF',
-  'GIBXTETF',
+  {
+    symbol: 'TVBETETF',
+    bvbSymbol: 'TVBETETF',
+  },
+  {
+    symbol: 'PTENGETF',
+    bvbSymbol: 'PTENGETF',
+  },
+  {
+    symbol: 'BTBETRETF',
+    bvbSymbol: 'BTBETRETF',
+  },
+  {
+    symbol: 'BKBETETF',
+    bvbSymbol: 'BKBETETF',
+  },
+  {
+    symbol: 'GIBEFETF',
+    bvbSymbol: 'GIBEFETF',
+  },
+  {
+    symbol: 'GIBXTETF',
+    bvbSymbol: 'GIBXTETF',
+  },
 ] as const;
 
 const DEFAULT_MONITORED_FIELDS = [
   {
     fieldName: 'units_in_circulation',
     displayName: 'Units in Circulation',
+    extractorKey: 'units_in_circulation',
+    extractionHint: 'NUMAR U.F. in circulatie',
+    extractionPattern: null,
     enabled: 1,
   },
   {
     fieldName: 'vuan',
     displayName: 'VUAN',
+    extractorKey: 'vuan',
+    extractionHint: 'VALOARE UNITARA A ACTIVULUI NET (VUAN)',
+    extractionPattern: null,
     enabled: 1,
   },
   {
     fieldName: 'net_assets',
     displayName: 'Net Assets',
+    extractorKey: 'net_assets',
+    extractionHint: 'ACTIV NET',
+    extractionPattern: null,
     enabled: 1,
   },
 ] as const;
@@ -114,7 +193,7 @@ const DEFAULT_CONFIGURATION = [
 interface UpsertHistoryEntry {
   symbol: string;
   reportDate: Date;
-  metrics: MetricValueMap;
+  metrics: DynamicMetricValueMap;
   reportUrl: string;
 }
 
@@ -131,6 +210,15 @@ interface EtfHistoryMetricJoinRow extends EtfHistoryRecordRow {
   metric_value: number | null;
 }
 
+export interface EtfHistorySnapshotRow {
+  id: number;
+  symbol: string;
+  report_date: string;
+  report_url: string | null;
+  created_at: string;
+  metrics: Record<string, number | null>;
+}
+
 interface EtfHistoryRow {
   id: number;
   symbol: string;
@@ -148,6 +236,15 @@ interface EtfHistoryWithDeltaRow extends EtfHistoryRow {
   previous_net_assets: number | null;
 }
 
+export interface DashboardHistoryMetricRow {
+  id: number | null;
+  symbol: string;
+  report_date: string | null;
+  report_url: string | null;
+  current_value: number | null;
+  previous_value: number | null;
+}
+
 interface SyncOverview {
   status: 'Completed' | 'Running' | 'Failed';
   completedAt: string | null;
@@ -434,6 +531,99 @@ export class DatabaseService {
     return result;
   }
 
+  async getLatestHistoryWithPreviousMetric(metricKey: string): Promise<DashboardHistoryMetricRow[]> {
+    await this.ensureInitialized();
+
+    const rows = (await this.database(
+      `
+      SELECT
+        monitored.symbol,
+        latest.id,
+        latest.report_date,
+        latest.report_url,
+        current_metric.metric_value AS current_value,
+        previous_metric.metric_value AS previous_value
+      FROM monitored_etfs monitored
+      LEFT JOIN LATERAL (
+        SELECT id, report_date, report_url
+        FROM etf_history
+        WHERE symbol = monitored.symbol
+        ORDER BY report_date DESC, id DESC
+        LIMIT 1
+      ) latest ON TRUE
+      LEFT JOIN LATERAL (
+        SELECT metric_value
+        FROM etf_metrics
+        WHERE history_id = latest.id AND metric_key = $1
+        LIMIT 1
+      ) current_metric ON TRUE
+      LEFT JOIN LATERAL (
+        SELECT metric.metric_value
+        FROM etf_history history
+        INNER JOIN etf_metrics metric ON metric.history_id = history.id
+        WHERE history.symbol = monitored.symbol
+          AND history.id <> latest.id
+          AND metric.metric_key = $1
+          AND metric.metric_value IS NOT NULL
+        ORDER BY history.report_date DESC, history.id DESC
+        LIMIT 1
+      ) previous_metric ON TRUE
+      WHERE monitored.enabled = 1
+      ORDER BY monitored.symbol
+      `,
+      [metricKey],
+    )) as Array<{
+      symbol: string;
+      id: number | string | null;
+      report_date: string | null;
+      report_url: string | null;
+      current_value: number | null;
+      previous_value: number | null;
+    }>;
+
+    return rows.map((row) => {
+      const parsedId = row.id === null ? null : Number(row.id);
+      return {
+        id: parsedId !== null && Number.isFinite(parsedId) ? parsedId : null,
+        symbol: row.symbol,
+        report_date: row.report_date,
+        report_url: row.report_url,
+        current_value: row.current_value,
+        previous_value: row.previous_value,
+      };
+    });
+  }
+
+  async getHistoryBySymbol(symbol: string, limit = 90): Promise<EtfHistorySnapshotRow[]> {
+    await this.ensureInitialized();
+
+    const rows = (await this.database(
+      `
+      SELECT
+        history.id,
+        history.symbol,
+        history.report_date,
+        history.report_url,
+        history.created_at,
+        metric.metric_key,
+        metric.metric_value
+      FROM etf_history history
+      LEFT JOIN etf_metrics metric ON metric.history_id = history.id
+      WHERE history.id IN (
+        SELECT id
+        FROM etf_history
+        WHERE symbol = $1
+        ORDER BY report_date DESC, id DESC
+        LIMIT $2
+      )
+      ORDER BY history.report_date DESC, history.id DESC, metric.metric_key ASC
+      `,
+      [symbol, limit],
+    )) as EtfHistoryMetricJoinRow[];
+
+    return this.mapHistoryMetricRowsWithDynamicMetrics(rows);
+  }
+
   async createSyncRun(): Promise<number> {
     await this.ensureInitialized();
 
@@ -544,6 +734,7 @@ export class DatabaseService {
     await this.database(CREATE_CONFIGURATION_TABLE_SQL);
     await this.runHistoryDeduplicationMigration();
     await this.runLookupIndexesMigration();
+    await this.runConfigurationSchemaMigration();
     await this.seedDefaultMonitoredEtfs();
     await this.seedDefaultMonitoredFields();
     await this.seedDefaultConfiguration();
@@ -559,15 +750,27 @@ export class DatabaseService {
     await this.database(CREATE_ETF_METRICS_LOOKUP_INDEX_SQL);
   }
 
+  private async runConfigurationSchemaMigration(): Promise<void> {
+    await this.database(ALTER_MONITORED_ETFS_ADD_NAME_SQL);
+    await this.database(ALTER_MONITORED_ETFS_ADD_ISIN_SQL);
+    await this.database(ALTER_MONITORED_ETFS_ADD_BVB_SYMBOL_SQL);
+    await this.database(ALTER_MONITORED_FIELDS_ADD_EXTRACTOR_KEY_SQL);
+    await this.database(ALTER_MONITORED_FIELDS_ADD_EXTRACTION_HINT_SQL);
+    await this.database(ALTER_MONITORED_FIELDS_ADD_EXTRACTION_PATTERN_SQL);
+    await this.database(BACKFILL_MONITORED_ETFS_BVB_SYMBOL_SQL);
+    await this.database(BACKFILL_MONITORED_FIELDS_EXTRACTOR_KEY_SQL);
+  }
+
   private async seedDefaultMonitoredEtfs(): Promise<void> {
-    for (const symbol of DEFAULT_MONITORED_ETFS) {
+    for (const etf of DEFAULT_MONITORED_ETFS) {
       await this.database(
         `
-        INSERT INTO monitored_etfs (symbol, enabled)
-        VALUES ($1, $2)
-        ON CONFLICT (symbol) DO NOTHING
+        INSERT INTO monitored_etfs (symbol, bvb_symbol, enabled)
+        VALUES ($1, $2, $3)
+        ON CONFLICT (symbol) DO UPDATE SET
+          bvb_symbol = COALESCE(monitored_etfs.bvb_symbol, EXCLUDED.bvb_symbol)
         `,
-        [symbol, 1],
+        [etf.symbol, etf.bvbSymbol, 1],
       );
     }
   }
@@ -576,11 +779,29 @@ export class DatabaseService {
     for (const field of DEFAULT_MONITORED_FIELDS) {
       await this.database(
         `
-        INSERT INTO monitored_fields (field_name, display_name, enabled)
-        VALUES ($1, $2, $3)
-        ON CONFLICT (field_name) DO NOTHING
+        INSERT INTO monitored_fields (
+          field_name,
+          display_name,
+          extractor_key,
+          extraction_hint,
+          extraction_pattern,
+          enabled
+        )
+        VALUES ($1, $2, $3, $4, $5, $6)
+        ON CONFLICT (field_name) DO UPDATE SET
+          display_name = EXCLUDED.display_name,
+          extractor_key = COALESCE(monitored_fields.extractor_key, EXCLUDED.extractor_key),
+          extraction_hint = COALESCE(monitored_fields.extraction_hint, EXCLUDED.extraction_hint),
+          extraction_pattern = COALESCE(monitored_fields.extraction_pattern, EXCLUDED.extraction_pattern)
         `,
-        [field.fieldName, field.displayName, field.enabled],
+        [
+          field.fieldName,
+          field.displayName,
+          field.extractorKey,
+          field.extractionHint,
+          field.extractionPattern,
+          field.enabled,
+        ],
       );
     }
   }
@@ -600,16 +821,21 @@ export class DatabaseService {
 
   private async upsertMetricValues(
     historyId: number,
-    metrics: MetricValueMap,
+    metrics: DynamicMetricValueMap,
     createdAt: string,
   ): Promise<void> {
+    const metricEntries = Object.entries(metrics);
+    if (metricEntries.length === 0) {
+      return;
+    }
+
     const values: string[] = [];
     const params: Array<number | string | null> = [];
     let paramIndex = 1;
 
-    for (const metricKey of SUPPORTED_METRIC_KEYS) {
+    for (const [metricKey, metricValue] of metricEntries) {
       values.push(`($${paramIndex}, $${paramIndex + 1}, $${paramIndex + 2}, $${paramIndex + 3})`);
-      params.push(historyId, metricKey, metrics[metricKey], createdAt);
+      params.push(historyId, metricKey, metricValue, createdAt);
       paramIndex += 4;
     }
 
@@ -657,6 +883,38 @@ export class DatabaseService {
     return Array.from(historyById.values());
   }
 
+  private mapHistoryMetricRowsWithDynamicMetrics(
+    rows: EtfHistoryMetricJoinRow[],
+  ): EtfHistorySnapshotRow[] {
+    const historyById = new Map<number, EtfHistorySnapshotRow>();
+
+    for (const row of rows) {
+      const historyId = Number(row.id);
+      if (!Number.isFinite(historyId)) {
+        continue;
+      }
+
+      let historyRow = historyById.get(historyId);
+      if (!historyRow) {
+        historyRow = {
+          id: historyId,
+          symbol: row.symbol,
+          report_date: row.report_date,
+          report_url: row.report_url,
+          created_at: row.created_at,
+          metrics: {},
+        };
+        historyById.set(historyId, historyRow);
+      }
+
+      if (typeof row.metric_key === 'string') {
+        historyRow.metrics[row.metric_key] = row.metric_value;
+      }
+    }
+
+    return Array.from(historyById.values());
+  }
+
   private createEmptyMetricValueMap(): MetricValueMap {
     const values = {} as MetricValueMap;
     for (const metricKey of SUPPORTED_METRIC_KEYS) {
diff --git a/etf-monitor/lib/etf/service.ts b/etf-monitor/lib/etf/service.ts
index 1a9f2bf..283b49f 100644
--- a/etf-monitor/lib/etf/service.ts
+++ b/etf-monitor/lib/etf/service.ts
@@ -1,101 +1,141 @@
-import type { BVBService } from '../bvb';
-import { ConfigService } from '../config/service';
-import { DatabaseService } from '../db';
-import type { PDFService } from '../pdf';
-import type { MetricValueMap } from '../types';
-
-export class ETFService {
-  constructor(
-    private readonly bvbService: BVBService,
-    private readonly pdfService: PDFService,
-  ) {}
-
-  async synchronize(): Promise<void> {
-    const configService = new ConfigService();
-    const database = new DatabaseService();
-    const syncRunId = await database.createSyncRun();
-
-    try {
-      const symbols = await configService.getMonitoredEtfs();
-      const enabledFields = new Set(await configService.getEnabledFieldNames());
-      let hasFailures = false;
-
-      for (const symbol of symbols) {
-        try {
-          const report = await this.bvbService.getLatestReport(symbol);
-          if (!report) {
-            continue;
-          }
-
-          const buffer = await this.bvbService.downloadReport(report);
-          const text = await this.pdfService.parse(buffer);
-          const unitsInCirculation = this.pdfService.extractUnitsInCirculation(text);
-          const metrics: MetricValueMap = {
-            units_in_circulation: unitsInCirculation,
-            vuan: null,
-            net_assets: null,
-          };
-
-          if (enabledFields.has('vuan')) {
-            try {
-              metrics.vuan = this.pdfService.extractVUAN(text);
-            } catch (error: unknown) {
-              const parsedError = error instanceof Error ? error : new Error(String(error));
-              console.error(
-                `VUAN extraction failed for ETF ${symbol}: ${parsedError.message}`,
-                parsedError.stack,
-              );
-            }
-          }
-
-          if (enabledFields.has('net_assets')) {
-            try {
-              metrics.net_assets = this.pdfService.extractNetAssets(text);
-            } catch (error: unknown) {
-              const parsedError = error instanceof Error ? error : new Error(String(error));
-              console.error(
-                `Net assets extraction failed for ETF ${symbol}: ${parsedError.message}`,
-                parsedError.stack,
-              );
-            }
-          }
-          const existingForReportDate = await database.getHistoryForReportDate(
-            symbol,
-            report.reportDate,
-          );
-          if (!existingForReportDate) {
-            await database.insertHistory({
-              symbol,
-              reportDate: report.reportDate,
-              metrics,
-              reportUrl: report.reportUrl,
-            });
-          } else {
-            await database.updateHistory({
-              symbol,
-              reportDate: report.reportDate,
-              metrics,
-              reportUrl: report.reportUrl,
-            });
-          }
-        } catch (error: unknown) {
-          const parsedError = error instanceof Error ? error : new Error(String(error));
-          hasFailures = true;
-          console.error(
-            `Failed to synchronize ETF ${symbol}: ${parsedError.message}`,
-            parsedError.stack,
-          );
-        }
-      }
-
-      if (hasFailures) {
-        throw new Error('Synchronization failed for one or more ETFs');
-      }
-
-      await database.markSyncRunCompleted(syncRunId);
-    } catch (error: unknown) {
-      await database.markSyncRunFailed(syncRunId);
-      throw error;
-    }
-  }
-}
+import type { BVBService } from '../bvb';
+import { ConfigService, type MonitoredField, type MonitoredEtf } from '../config/service';
+import { DatabaseService } from '../db';
+import type { PDFService } from '../pdf';
+import type { DynamicMetricValueMap } from '../types';
+
+function isValidReportDate(reportDate: Date): boolean {
+  if (Number.isNaN(reportDate.getTime())) {
+    return false;
+  }
+
+  const now = Date.now();
+  const oneDayInMilliseconds = 24 * 60 * 60 * 1000;
+  return reportDate.getTime() >= Date.UTC(2000, 0, 1) && reportDate.getTime() <= now + oneDayInMilliseconds;
+}
+
+function isValidMetricValue(value: number): boolean {
+  return Number.isFinite(value) && value > 0;
+}
+
+function hasAtLeastOneExtractedMetric(metrics: DynamicMetricValueMap): boolean {
+  return Object.values(metrics).some((value) => value !== null);
+}
+
+function normalizeConfiguredSymbol(etf: MonitoredEtf): string {
+  return etf.bvbSymbol.trim().toUpperCase();
+}
+
+export class ETFService {
+  constructor(
+    private readonly bvbService: BVBService,
+    private readonly pdfService: PDFService,
+  ) {}
+
+  async synchronize(): Promise<void> {
+    const configService = new ConfigService();
+    const database = new DatabaseService();
+    const syncRunId = await database.createSyncRun();
+
+    try {
+      const monitoredEtfs = await configService.getEnabledMonitoredEtfs();
+      const enabledFields = await configService.getEnabledMonitoredFields();
+
+      if (enabledFields.length === 0) {
+        throw new Error('No monitored fields are enabled');
+      }
+
+      let hasFailures = false;
+
+      for (const monitoredEtf of monitoredEtfs) {
+        const symbol = monitoredEtf.symbol;
+        const bvbSymbol = normalizeConfiguredSymbol(monitoredEtf);
+        let stage = 'fetch-latest-report';
+        try {
+          stage = 'fetch-latest-report';
+          const report = await this.bvbService.getLatestReport(bvbSymbol);
+          if (!report) {
+            console.error(`Failed to synchronize ETF ${symbol}: report not found`);
+            hasFailures = true;
+            continue;
+          }
+
+          if (report.etfSymbol !== bvbSymbol) {
+            throw new Error(`Unexpected report ETF symbol ${report.etfSymbol}`);
+          }
+          if (!isValidReportDate(report.reportDate)) {
+            throw new Error(`Invalid report date ${report.reportDate.toISOString()}`);
+          }
+
+          stage = 'check-existing-history';
+          const existingForReportDate = await database.getHistoryForReportDate(symbol, report.reportDate);
+          if (existingForReportDate) {
+            continue;
+          }
+
+          stage = 'download-report';
+          const buffer = await this.bvbService.downloadReport(report);
+          stage = 'parse-pdf';
+          const text = await this.pdfService.parse(buffer);
+
+          stage = 'extract-metrics';
+          const metrics = await this.extractMetricsForReport(symbol, enabledFields, text);
+          if (!hasAtLeastOneExtractedMetric(metrics)) {
+            throw new Error('No valid metric values could be extracted');
+          }
+
+          stage = 'insert-history';
+          await database.insertHistory({
+            symbol,
+            reportDate: report.reportDate,
+            metrics,
+            reportUrl: report.reportUrl,
+          });
+        } catch (error: unknown) {
+          const parsedError = error instanceof Error ? error : new Error(String(error));
+          hasFailures = true;
+          console.error(
+            `Failed to synchronize ETF ${symbol} at ${stage}: ${parsedError.message}`,
+            parsedError.stack,
+          );
+        }
+      }
+
+      if (hasFailures) {
+        throw new Error('Synchronization failed for one or more ETFs');
+      }
+
+      await database.markSyncRunCompleted(syncRunId);
+    } catch (error: unknown) {
+      await database.markSyncRunFailed(syncRunId);
+      throw error;
+    }
+  }
+
+  private async extractMetricsForReport(
+    symbol: string,
+    enabledFields: MonitoredField[],
+    text: string,
+  ): Promise<DynamicMetricValueMap> {
+    const metrics: DynamicMetricValueMap = {};
+
+    for (const field of enabledFields) {
+      try {
+        const extractedValue = this.pdfService.extractMetricValue(text, field);
+        if (!isValidMetricValue(extractedValue)) {
+          throw new Error('Extracted value is invalid');
+        }
+        metrics[field.fieldName] = extractedValue;
+      } catch (error: unknown) {
+        const parsedError = error instanceof Error ? error : new Error(String(error));
+        metrics[field.fieldName] = null;
+        console.error(
+          `Metric extraction failed for ETF ${symbol} at ${field.fieldName}: ${parsedError.message}`,
+          parsedError.stack,
+        );
+      }
+    }
+
+    return metrics;
+  }
+}
diff --git a/etf-monitor/lib/pdf/service.ts b/etf-monitor/lib/pdf/service.ts
index 7efe9cf..82978e3 100644
--- a/etf-monitor/lib/pdf/service.ts
+++ b/etf-monitor/lib/pdf/service.ts
@@ -1,4 +1,5 @@
 import pdfParse from 'pdf-parse';
+import type { MonitoredField } from '../config/service';
 
 function parseLocalizedNumber(rawValue: string): number {
   const compact = rawValue.replace(/\u00A0/g, ' ').replace(/\s+/g, '').trim();
@@ -38,6 +39,10 @@ function parseLocalizedNumber(rawValue: string): number {
   return value;
 }
 
+function escapeRegExp(value: string): string {
+  return value.replace(/[.*+?^${}()|[\]\\]/g, '\\$&');
+}
+
 export class PDFService {
   async parse(buffer: Buffer): Promise<string> {
     try {
@@ -55,6 +60,40 @@ export class PDFService {
     return this.parse(buffer);
   }
 
+  extractMetricValue(text: string, field: MonitoredField): number {
+    if (field.extractorKey === 'units_in_circulation') {
+      return this.extractUnitsInCirculation(text);
+    }
+
+    if (field.extractorKey === 'vuan') {
+      return this.extractVUAN(text);
+    }
+
+    if (field.extractorKey === 'net_assets') {
+      return this.extractNetAssets(text);
+    }
+
+    if (field.extractorKey === 'regex_label_number') {
+      const label = field.extractionHint?.trim() ?? '';
+      if (!label) {
+        throw new Error(`Missing extraction hint for metric ${field.fieldName}`);
+      }
+
+      const patternText =
+        field.extractionPattern?.trim() ||
+        `${escapeRegExp(label)}[^0-9+-]*([+-]?[0-9][0-9.,\\s\\u00A0]*)`;
+      const pattern = new RegExp(patternText, 'i');
+      const match = text.match(pattern);
+      if (!match || !match[1]) {
+        throw new Error(`Failed to extract metric ${field.fieldName}`);
+      }
+
+      return parseLocalizedNumber(match[1]);
+    }
+
+    throw new Error(`Unsupported extractor key for metric ${field.fieldName}`);
+  }
+
   extractUnitsInCirculation(text: string): number {
     const marker = 'NUMAR U.F. in circulatie';
     const markerIndex = text.toUpperCase().indexOf(marker.toUpperCase());
diff --git a/etf-monitor/lib/types/ai.ts b/etf-monitor/lib/types/ai.ts
index fc1fb07..3675f50 100644
--- a/etf-monitor/lib/types/ai.ts
+++ b/etf-monitor/lib/types/ai.ts
@@ -5,13 +5,29 @@ export enum AIProvider {
   MOCK = 'mock',
 }
 
+export type AIIntentCategory =
+  | 'ADD_ETF'
+  | 'REMOVE_ETF'
+  | 'ADD_METRIC'
+  | 'REMOVE_METRIC'
+  | 'SET_DASHBOARD_METRIC'
+  | 'SHOW_CONFIGURATION'
+  | 'EXPLAIN_CONFIGURATION'
+  | 'UNKNOWN';
+
 export interface AIRequest {
-  provider: AIProvider;
+  provider?: AIProvider;
   prompt: string;
+  confirm?: boolean;
+  confirmationToken?: string;
 }
 
 export interface AIResponse {
   provider: AIProvider;
   success: boolean;
   message: string;
+  intent?: AIIntentCategory;
+  requiresConfirmation?: boolean;
+  confirmationToken?: string;
+  data?: Record<string, unknown>;
 }
diff --git a/etf-monitor/lib/types/metric.ts b/etf-monitor/lib/types/metric.ts
index 67f3fd7..a3ecb0b 100644
--- a/etf-monitor/lib/types/metric.ts
+++ b/etf-monitor/lib/types/metric.ts
@@ -1,5 +1,9 @@
 export const SUPPORTED_METRIC_KEYS = ['units_in_circulation', 'vuan', 'net_assets'] as const;
 
-export type MetricKey = (typeof SUPPORTED_METRIC_KEYS)[number];
+export type BuiltInMetricKey = (typeof SUPPORTED_METRIC_KEYS)[number];
+
+export type MetricKey = BuiltInMetricKey;
 
 export type MetricValueMap = Record<MetricKey, number | null>;
+
+export type DynamicMetricValueMap = Record<string, number | null>;
